date,sleep_hours,mood
2026-08-29,7.5,6
2026-08-30,6.0,6
2026-08-31,8.0,8
2026-09-01,9.0,7
2026-09-02,6.5,6
2026-09-03,5.5,6
2026-09-04,4.5,5
2026-09-05,7.5,8
2026-09-06,5.5,6
2026-09-07,8.5,7
2026-09-08,8.5,9
2026-09-09,6.0,6
2026-09-10,9.5,8
2026-09-11,5.0,5
2026-09-12,8.5,8
2026-09-13,8.5,9
2026-09-14,7.0,8
2026-09-15,6.5,7
2026-09-16,8.5,8
2026-09-17,9.0,9
2026-09-18,8.0,7
2026-09-19,5.5,6
2026-09-20,5.0,5
2026-09-21,5.0,5
2026-09-22,7.5,7
2026-09-23,6.5,6
2026-09-24,6.0,8
2026-09-25,7.5,8
2026-09-26,5.5,7
2026-09-27,5.5,6
